y_true,y_pred_dt,y_pred_rf,y_pred_xgb
0,0,0,0
0,0,0,0
0,0,0,0
0,0,1,1
0,1,0,0
1,0,0,0
0,0,0,0
0,0,0,0
0,0,0,0
0,0,0,0
0,0,0,0
1,1,1,1
0,0,0,0
1,0,0,0
1,1,1,1
0,0,0,0
0,0,1,0
0,0,1,0
0,0,0,0
0,0,0,0
0,0,0,0
0,0,0,0
0,0,0,0
0,0,0,0
0,0,0,0
0,0,0,0
0,0,0,0
1,1,1,1
0,1,0,0
0,0,0,0
1,0,0,0
0,0,0,0
0,0,0,0
1,1,1,1
1,1,1,1
1,1,1,1
0,0,0,0
0,0,0,0
0,0,0,0
0,0,0,0
0,0,0,0
0,0,0,0
1,1,1,1
0,0,0,0
0,0,0,0
1,1,1,1
1,1,1,1
0,0,0,0
0,0,0,0
0,0,0,0
0,0,0,1
1,1,1,0
1,1,1,1
0,0,0,0
0,0,0,0
0,0,0,0
0,0,0,0
0,0,0,0
0,0,0,0
0,0,0,0
0,0,0,0
0,0,0,0
0,0,0,0
0,0,0,0
0,0,0,0
0,0,0,0
1,1,1,1
0,0,0,0
0,0,0,0
0,0,0,0
0,0,0,0
1,0,1,0
0,0,0,0
0,0,0,0
0,0,0,0
0,1,0,0
0,0,0,0
0,0,0,0
0,0,0,0
1,1,1,1
0,0,0,0
0,0,0,0
0,0,0,0
0,0,0,0
0,0,0,0
1,1,1,1
0,0,0,0
1,1,1,1
0,0,0,0
0,0,0,0
0,0,0,0
0,0,0,0
1,1,0,0
0,0,0,0
0,0,0,0
1,1,1,1
0,0,0,0
0,0,0,0
0,0,0,0
0,0,0,0
1,1,1,1
0,0,1,0
0,0,0,0
0,0,0,0
1,1,1,1
0,0,0,0
0,0,0,0
1,1,1,1
0,0,0,0
0,0,0,0
0,0,0,0
0,0,0,0
0,0,0,0
0,0,0,0
0,0,0,0
0,1,0,0
0,0,0,0
0,0,0,0
0,0,0,0
0,0,0,0
1,1,1,1
0,0,0,0
0,0,0,0
1,0,0,0
1,0,0,0
0,0,0,0
0,0,0,0
0,0,0,0
0,0,1,0
1,1,1,1
1,1,1,1
1,1,1,1
0,0,0,0
0,0,0,0
0,0,0,0
0,0,0,0
1,1,1,1
1,1,1,1
0,0,0,0
1,1,1,0
0,0,0,0
0,0,0,0
0,0,0,0
0,0,0,0
0,0,0,0
0,0,0,0
1,1,1,1
0,0,0,0
1,1,1,1
0,0,0,0
0,0,0,0
0,0,0,0
0,0,0,0
0,0,0,0
0,0,0,0
0,0,0,0
0,0,0,0
1,1,1,1
0,0,0,0
0,0,0,0
0,0,0,0
0,0,0,0
1,1,1,1
0,0,0,0
0,0,0,0
0,0,0,0
0,0,0,0
1,1,1,1
0,0,0,0
0,0,0,0
1,1,0,0
1,1,1,1
0,0,0,0
0,0,0,0
0,0,0,0
0,0,0,0
1,1,1,1
0,0,0,0
0,0,0,0
0,0,0,0
0,0,0,0
0,0,0,0
1,1,1,1
0,0,0,0
0,0,0,0
0,0,0,0
1,1,1,1
0,0,0,0
0,0,0,0
0,0,0,0
0,0,0,0
0,0,0,0
0,0,0,0
0,0,0,0
1,1,1,1
1,1,1,1
1,0,0,0
0,0,0,0
0,0,0,0
0,0,0,0
0,0,0,0
0,0,0,0
0,0,0,0
0,0,0,0
0,0,0,0
0,0,0,0
0,0,0,0
0,0,0,0
0,0,0,0
1,1,1,1
0,0,0,0
0,1,1,1
0,0,0,0
1,1,1,1
0,0,0,0
0,0,0,0
0,0,0,0
0,0,0,0
0,0,0,0
0,0,0,0
0,0,0,0
1,1,1,1
0,0,0,0
0,0,0,0
0,0,0,0
0,0,0,0
0,0,0,0
1,1,1,1
0,0,0,0
1,1,1,1
0,0,0,0
0,0,0,0
0,0,0,0
1,1,0,0
0,0,0,0
0,0,0,0
0,0,0,0
1,0,0,0
0,1,1,1
1,0,0,0
0,0,0,0
0,0,0,0
0,0,0,0
0,0,0,0
0,0,0,0
0,0,0,0
0,0,0,0
1,0,0,0
0,0,0,0
0,0,0,0
1,1,1,1
0,0,0,0
0,0,0,0
1,1,1,1
0,0,0,0
0,0,0,0
1,1,1,1
0,0,0,0
1,1,1,1
0,0,0,0
0,0,0,0
0,0,1,0
1,1,1,1
0,0,0,0
0,0,0,0
0,0,0,0
1,1,1,1
0,0,0,0
0,0,0,0
1,0,0,0
0,0,0,0
0,0,0,0
0,0,0,0
0,0,0,0
1,0,0,0
0,0,0,0
0,0,0,0
0,0,0,0
0,0,0,0
0,0,0,0
0,0,0,0
0,0,0,0
0,1,1,0
0,0,1,0
0,0,0,0
1,1,1,1
0,0,0,0
1,1,1,1
0,0,1,0
0,0,0,0
0,0,0,0
0,0,0,0
1,1,1,0
0,0,0,0
0,0,0,0
0,0,0,0
0,0,0,0
1,1,1,1
0,0,0,0
0,0,0,0
0,0,0,0
0,0,0,0
1,1,1,1
0,0,0,0
0,0,0,0
0,0,0,0
0,0,0,0
0,0,0,0
0,0,0,0
0,0,0,0
0,0,0,0
1,1,1,1
0,0,0,0
0,0,1,1
1,0,0,0
1,1,1,1
0,0,0,0
1,0,0,0
0,0,0,0
1,1,1,1
0,0,0,0
1,0,0,0
1,0,0,0
1,1,1,1
0,0,0,0
0,0,0,0
0,0,0,0
0,0,0,0
0,0,0,0
1,1,1,1
0,0,0,0
0,0,0,0
0,0,0,0
0,0,0,0
0,1,0,0
1,1,1,1
0,0,0,0
0,0,0,0
0,0,0,0
0,0,0,0
0,0,0,0
0,0,0,0
0,0,0,0
0,0,0,0
0,0,0,0
1,1,1,1
1,0,0,0
0,0,0,0
0,0,0,0
0,0,0,0
1,1,1,1
1,1,1,1
0,0,0,0
1,0,0,0
1,1,1,1
0,0,0,0
0,0,0,0
0,0,0,0
0,0,0,0
0,0,0,0
0,1,0,0
0,0,0,0
0,0,0,0
0,0,0,0
1,0,0,0
0,0,0,0
0,0,0,0
0,0,0,0
0,0,0,0
0,0,0,0
0,0,0,0
0,0,0,0
0,0,0,0
0,0,0,0
1,0,0,1
0,0,0,0
1,1,1,1
0,0,1,0
0,0,0,0
1,1,1,1
0,0,0,0
0,0,0,0
0,0,0,0
0,0,0,0
0,0,0,0
1,0,0,0
0,0,1,0
0,0,0,0
0,0,0,0
0,1,0,0
0,0,1,1
0,0,0,0
0,0,0,0
1,1,1,1
0,0,0,0
0,0,0,0
1,0,0,0
1,1,1,1
1,1,1,1
0,0,0,0
1,1,1,1
0,0,0,0
1,1,1,1
1,1,0,0
0,0,0,0
1,1,1,1
0,0,0,0
0,0,0,0
0,0,0,0
0,0,0,0
0,0,0,0
0,0,0,0
0,0,0,0
0,0,0,0
0,0,0,0
1,1,1,1
0,1,0,0
0,0,0,0
0,0,1,0
0,0,0,0
0,0,0,0
0,0,0,0
1,1,1,1
0,0,0,0
1,1,1,0
0,0,0,0
0,0,0,0
0,1,1,0
0,0,0,0
0,0,0,0
1,1,1,1
1,1,1,1
0,0,0,0
1,1,1,1
1,1,1,1
0,0,0,0
0,0,0,0
1,1,1,1
0,0,0,0
0,0,0,0
0,1,1,0
0,0,0,0
0,0,0,0
0,0,0,0
1,1,1,1
0,0,0,0
0,0,0,0
1,0,0,0
0,0,0,0
0,0,0,0
1,1,0,0
0,0,0,0
0,0,0,0
0,0,0,0
0,0,0,0
0,0,0,0
0,0,0,0
0,0,0,0
1,1,1,1
1,1,1,1
0,0,0,0
0,0,0,0
0,0,0,0
0,0,0,0
0,0,0,0
1,1,1,1
1,1,1,1
0,0,0,0
0,0,0,0
0,0,0,0
0,0,0,0
0,0,0,0
0,0,0,0
0,0,0,0
1,1,1,1
0,0,0,0
0,0,0,0
1,0,1,0
1,1,1,1
0,0,0,0
0,0,0,0
0,0,0,0
0,0,0,0
1,0,0,0
0,0,0,0
0,0,0,0
0,0,0,0
0,0,0,0
0,0,0,0
0,0,0,0
0,0,0,0
0,0,0,0
0,0,0,0
0,0,0,0
0,0,0,0
0,0,0,0
1,1,1,1
0,0,0,0
0,0,0,0
0,0,0,0
0,0,1,0
0,0,0,0
0,0,0,0
1,1,1,1
0,0,0,0
0,0,0,0
0,0,0,0
1,1,1,1
0,1,1,0
0,0,1,0
0,0,0,0
0,0,0,0
0,0,0,0
0,0,0,0
0,1,1,0
0,0,0,0
0,0,0,0
0,0,0,0
0,0,0,0
1,1,1,1
0,0,0,0
1,1,1,1
1,1,1,1
0,0,0,0
0,0,0,0
1,1,1,1
0,0,0,0
1,1,1,1
0,0,0,0
0,0,0,0
1,1,1,1
1,1,1,1
0,0,0,0
0,0,0,0
1,1,1,1
0,0,0,0
0,0,0,0
0,0,0,0
0,0,0,0
0,0,0,0
1,1,1,1
0,0,0,0
0,0,0,0
0,0,0,0
0,0,0,0
0,0,0,0
0,0,0,0
0,0,0,0
0,0,0,0
0,0,0,0
0,0,0,0
0,0,0,0
0,0,0,0
0,0,0,0
1,0,0,0
0,0,0,0
0,0,0,0
1,1,1,0
0,0,0,0
0,0,0,0
1,1,1,1
0,0,0,0
0,0,0,0
1,0,0,0
0,0,0,0
0,0,0,0
0,0,0,0
0,0,0,0
0,0,0,0
1,1,1,1
0,0,0,0
0,0,0,0
0,0,1,0
0,0,0,0
0,0,0,0
1,1,1,1
1,1,1,1
0,0,0,0
0,0,0,0
1,1,1,1
0,0,0,0
0,0,0,0
0,0,0,0
0,0,1,0
0,0,0,0
1,1,1,1
0,0,0,0
0,0,0,0
0,0,0,0
0,0,0,0
0,0,0,0
0,0,0,0
0,1,0,0
0,0,0,0
0,0,0,0
0,0,0,0
0,0,0,0
0,0,0,0
0,0,0,0
0,0,0,0
0,0,0,0
0,0,0,0
0,0,0,0
0,0,0,0
0,0,0,0
0,0,0,0
0,0,0,0
0,0,0,0
1,0,0,0
0,0,0,0
0,0,0,0
0,0,0,0
1,0,0,0
0,0,0,0
1,0,0,0
0,0,0,0
0,0,0,0
1,1,1,1
0,0,0,0
1,1,1,1
0,0,0,0
0,0,0,0
0,0,0,0
1,0,0,0
0,0,0,0
0,0,0,0
0,0,0,0
0,0,0,0
1,0,0,0
0,0,0,0
0,0,0,0
1,0,0,0
0,0,0,0
0,0,0,0
0,0,0,0
0,1,0,0
0,0,0,0
0,0,0,0
0,0,0,0
0,0,0,0
0,0,0,0
0,0,0,0
0,0,0,0
0,0,0,0
0,0,0,0
0,0,0,0
0,0,1,1
0,0,0,0
1,1,1,1
0,0,0,0
0,0,0,0
1,1,1,1
0,0,0,0
0,0,0,0
0,1,1,0
0,0,0,0
0,0,0,0
0,0,0,0
0,0,0,0
1,1,1,1
1,1,1,1
0,0,0,0
0,0,0,0
0,0,0,0
0,0,0,0
0,0,0,0
0,0,0,0
0,0,0,0
0,0,0,0
0,0,1,1
0,0,0,0
0,0,0,0
0,0,0,0
1,1,0,0
0,1,1,1
0,0,0,0
0,0,0,0
0,0,0,0
0,0,0,0
0,0,0,0
0,0,0,0
0,0,0,0
0,0,0,0
0,0,0,0
0,0,0,0
0,0,0,0
0,0,1,1
0,0,0,0
0,0,0,0
0,0,0,0
0,0,0,0
0,0,0,0
1,1,1,1
0,0,0,0
0,0,0,0
0,0,0,0
0,0,0,0
0,0,0,0
0,0,0,0
0,0,0,0
1,1,1,1
0,0,0,0
1,1,1,1
1,1,1,1
0,0,0,0
0,0,0,0
1,1,1,1
0,0,0,0
0,0,0,0
0,0,0,0
0,0,0,0
0,0,0,0
0,0,0,0
0,0,1,0
0,0,0,0
0,0,0,0
0,0,0,0
1,1,1,1
0,0,0,0
0,0,0,0
0,0,0,0
0,0,0,0
0,0,0,0
0,0,0,0
0,0,1,0
0,1,1,0
1,0,0,0
0,0,0,0
1,0,0,0
0,0,0,0
0,0,0,0
0,0,0,0
0,0,0,0
1,0,0,0
0,0,0,0
0,0,1,0
0,0,0,0
1,1,1,1
1,1,1,1
0,0,0,0
0,0,0,0
0,0,0,0
0,0,0,0
1,0,0,0
0,0,0,0
0,0,0,0
0,0,0,0
0,0,0,0
1,0,0,0
0,0,0,0
1,0,0,0
0,0,0,0
0,0,0,0
1,1,1,1
0,0,0,0
0,0,0,0
0,0,0,0
0,0,0,0
1,1,1,1
0,0,0,0
0,1,0,0
0,0,0,0
0,1,1,0
0,0,0,0
0,0,0,0
0,0,0,0
0,0,0,0
0,0,0,0
0,0,0,0
0,0,0,0
0,0,0,0
0,0,0,0
0,0,0,0
0,0,0,0
1,1,1,1
0,0,0,0
1,1,1,1
0,0,0,0
0,0,0,0
0,0,0,0
0,0,0,0
0,0,0,0
1,1,1,1
0,0,0,0
0,0,0,0
0,0,0,0
0,0,0,0
0,0,0,0
0,0,0,0
1,1,1,1
0,0,0,0
1,1,1,1
0,1,1,1
0,0,0,0
0,0,0,0
1,1,0,0
1,0,0,0
0,0,0,0
0,0,0,0
1,1,1,1
0,0,0,0
0,0,0,0
0,0,0,0
0,0,0,0
0,0,0,0
1,1,1,1
0,0,0,0
0,0,0,0
1,1,1,1
0,0,0,0
1,1,1,1
1,0,0,0
1,1,1,1
0,0,0,0
0,0,0,0
0,1,0,0
0,0,0,0
1,1,1,1
1,1,1,1
0,0,0,0
0,0,0,0
0,0,0,0
0,0,0,0
0,0,0,0
0,0,0,0
0,1,0,0
0,0,0,0
0,0,0,0
1,1,1,1
0,0,0,0
0,0,0,0
0,0,0,0
1,1,1,1
0,0,0,0
0,0,0,0
0,0,0,0
1,1,1,1
1,1,1,1
1,0,0,0
0,0,0,0
1,1,1,1
0,0,0,0
1,1,1,1
0,0,0,0
0,0,0,0
0,0,0,0
1,1,1,1
0,0,0,0
0,0,0,0
0,0,0,0
0,0,0,0
1,1,1,1
1,1,1,1
0,0,0,0
0,0,0,0
1,1,1,1
0,1,1,1
0,0,0,0
0,0,0,0
0,0,0,0
0,0,0,0
0,0,0,0
1,0,0,0
0,0,0,0
0,0,0,0
1,1,1,1
1,1,1,1
0,0,0,0
0,0,0,0
0,0,0,0
0,0,0,0
0,0,0,0
0,0,0,0
0,0,0,0
0,1,0,0
0,0,0,0
0,0,0,0
0,0,0,0
0,0,0,0
1,1,1,1
0,0,0,0
0,0,0,0
0,0,0,0
0,0,0,0
0,0,0,0
0,0,0,0
0,0,0,0
0,0,0,0
0,0,0,0
1,1,1,1
0,0,0,0
0,0,0,0
1,1,1,1
0,0,0,0
0,0,0,0
1,1,1,1
0,0,0,0
1,1,1,1
1,1,1,1
0,0,0,0
0,0,0,0
1,0,0,0
0,0,0,0
0,0,0,0
1,1,1,1
1,1,1,1
0,0,0,0
0,0,0,0
1,1,1,1
0,0,0,0
0,0,0,0
0,0,0,0
1,0,1,0
0,0,0,0
0,0,1,0
0,0,0,0
0,0,0,0
0,0,0,0
0,0,0,0
1,1,1,1
0,0,0,0
0,0,0,0
0,0,0,0
1,0,0,0
0,0,0,0
0,0,0,0
1,1,1,1
0,0,0,0
0,0,0,0
0,0,0,0
0,0,0,0
0,1,0,0
0,0,0,0
0,0,0,0
0,0,0,0
0,0,0,0
0,0,0,0
0,0,0,0
0,0,0,0
0,0,0,0
0,0,0,0
1,1,1,1
0,0,0,0
0,0,0,0
1,0,0,0
0,0,0,0
0,0,0,0
0,0,0,0
1,1,1,1
0,0,0,0
0,0,0,0
0,0,0,0
0,0,0,0
0,0,0,0
0,0,0,0
0,0,0,0
1,1,0,0
0,0,0,0
0,1,1,0
0,0,0,0
0,0,0,0
0,0,0,0
0,0,0,0
0,0,0,0
0,0,0,0
0,0,0,0
1,1,1,0
0,0,0,0
0,0,0,0
0,0,0,0
0,0,0,0
0,0,0,0
0,1,0,0
0,0,0,0
0,0,0,0
0,0,0,0
0,0,0,0
0,0,0,0
0,0,0,0
0,0,0,0
0,0,0,0
0,0,0,0
1,0,0,0
0,0,0,0
0,0,0,0
1,1,1,1
0,0,0,0
0,0,0,0
0,0,0,0
0,0,0,0
1,1,1,1
0,1,0,0
1,0,0,0
0,0,0,0
0,0,0,0
0,0,0,0
0,0,0,0
1,1,1,1
0,0,0,0
0,0,0,0
1,0,1,0
0,0,0,0
0,0,0,0
0,0,0,0
1,0,0,0
0,0,0,0
0,0,0,0
0,0,0,0
0,0,0,0
0,0,0,0
1,1,1,1
0,0,0,0
0,0,0,0
0,0,0,0
0,0,0,0
0,0,0,0
0,0,0,0
0,0,0,0
0,0,0,0
0,0,0,0
0,0,0,0
0,0,0,0
1,1,1,1
0,0,0,0
0,0,0,0
0,0,0,0
1,1,1,1
0,0,1,0
0,0,0,0
0,0,0,0
1,1,1,1
1,1,1,1
0,0,0,0
0,0,0,0
0,0,0,0
0,0,0,0
0,0,0,0
0,0,0,0
0,0,0,0
0,0,1,1
1,1,1,1
1,0,0,0
0,0,0,0
0,0,0,0
0,0,0,0
0,0,0,0
1,0,1,1
0,0,0,0
0,1,0,0
0,0,0,0
0,0,0,0
0,0,0,0
0,0,0,0
1,1,1,1
0,0,0,0
0,0,0,0
0,0,0,0
1,1,1,1
1,1,1,1
0,0,0,0
1,0,0,0
0,0,0,0
0,0,0,0
0,0,0,0
0,0,0,0
1,1,1,1
0,0,0,0
0,1,0,0
0,0,0,0
0,0,0,0
1,1,1,1
1,0,0,0
0,0,0,0
0,1,0,0
0,0,0,0
1,1,1,1
0,0,0,0
0,0,0,0
0,0,0,0
0,0,0,0
0,0,0,0
0,0,0,0
0,0,0,0
0,0,0,0
0,0,0,0
1,0,0,0
0,0,0,0
0,0,0,0
0,0,0,0
0,1,1,0
1,1,1,1
0,0,0,0
0,0,0,0
0,0,0,0
0,0,0,0
0,0,0,0
0,0,0,0
0,0,0,0
0,0,0,0
0,0,0,0
0,0,0,0
0,1,0,0
0,0,0,0
0,0,0,0
0,0,0,0
0,0,0,0
1,1,1,0
1,1,1,1
0,0,0,0
1,1,1,1
0,0,0,0
0,0,1,0
0,0,0,0
0,1,1,0
0,0,0,0
0,0,0,0
1,1,1,1
1,0,0,0
0,0,0,0
1,0,1,0
0,0,0,0
1,1,1,1
1,1,1,1
1,1,1,1
0,0,0,0
0,0,0,0
0,0,0,0
1,1,1,1
0,0,0,0
0,0,0,0
0,0,0,0
0,0,0,0
0,0,0,0
0,0,0,0
0,0,0,0
0,0,0,0
0,0,0,0
0,0,0,0
0,0,0,0
0,0,0,0
1,1,1,1
1,1,1,1
0,0,0,0
1,1,1,1
0,0,0,0
0,0,0,0
0,0,0,0
0,0,0,0
0,0,0,0
0,0,0,0
0,0,0,0
0,0,0,0
0,0,0,0
0,0,0,0
0,0,1,0
1,1,1,1
0,0,0,0
0,0,0,0
0,1,0,1
0,0,0,0
0,0,0,0
0,0,0,0
0,0,0,0
0,0,0,0
0,0,0,0
0,0,0,0
0,0,0,0
0,0,0,0
0,0,0,0
0,0,0,0
0,0,0,0
0,0,0,0
0,0,0,0
0,0,0,0
1,0,0,0
0,0,0,0
0,0,0,0
1,1,1,1
0,0,0,0
0,0,1,0
0,0,0,0
0,0,0,0
0,0,0,0
0,0,0,0
1,1,1,1
0,1,0,0
0,0,0,0
0,0,0,0
0,0,0,0
0,0,0,0
0,0,0,0
0,0,0,0
0,0,0,0
0,0,0,0
0,0,0,0
1,1,1,1
0,0,0,0
0,0,0,0
1,1,1,1
0,0,0,0
0,0,0,0
0,0,0,0
0,0,0,0
0,1,0,0
0,0,0,0
1,1,1,1
0,0,0,0
0,0,0,0
0,0,0,0
0,0,0,0
0,0,0,0
1,1,1,1
0,0,0,0
0,0,0,0
1,1,1,1
0,0,0,0
0,0,1,0
0,0,0,0
0,0,0,0
0,0,0,0
0,0,0,0
0,0,0,0
1,1,1,1
0,0,0,0
0,0,0,0
0,0,0,0
0,0,0,0
1,1,1,1
0,0,0,0
0,0,0,0
1,1,1,1
0,0,0,0
1,1,1,1
0,0,0,0
0,0,0,0
0,0,0,0
1,0,0,0
1,0,0,0
0,0,0,0
0,0,0,0
1,0,0,0
1,0,0,0
0,0,0,0
1,0,0,0
1,1,1,1
0,0,0,0
0,0,0,0
0,0,1,0
0,0,0,0
1,1,1,1
1,1,1,1
0,0,0,0
0,0,0,0
0,0,0,0
0,1,0,0
1,1,1,1
0,0,0,0
0,0,0,0
0,0,0,0
0,0,0,0
0,0,0,0
0,0,0,0
0,0,0,0
0,0,0,0
0,1,0,0
0,0,0,0
1,1,1,1
0,0,0,0
0,0,0,0
0,0,0,0
0,0,0,0
1,1,1,1
0,0,0,0
1,0,0,0
1,0,0,0
0,0,0,0
1,1,1,1
1,1,0,0
1,1,1,1
0,0,0,0
1,1,1,1
1,1,1,1
1,0,0,0
0,0,0,0
0,0,0,0
0,0,1,0
0,0,0,0
0,0,0,0
0,0,0,0
0,0,0,0
0,0,0,0
0,0,0,0
1,1,1,1
1,1,1,1
0,0,0,0
0,1,1,0
0,1,0,0
1,1,1,1
0,0,0,0
0,0,0,0
0,1,0,0
0,0,0,0
0,0,0,0
0,0,1,0
0,0,0,0
0,0,0,0
0,0,0,0
0,0,0,0
0,0,0,0
0,0,0,0
1,0,0,0
0,0,0,0
0,0,0,0
0,0,0,0
1,1,1,1
1,1,1,1
1,1,1,1
0,0,0,0
0,0,0,0
0,0,0,0
0,0,0,0
0,0,0,0
0,0,0,0
0,0,0,0
0,0,1,0
0,0,0,0
0,0,0,0
0,0,0,0
0,0,0,0
0,0,0,0
1,0,0,0
1,1,1,1
1,1,1,1
0,0,0,0
1,0,0,0
0,0,0,0
0,0,0,0
0,0,0,0
0,0,0,0
0,0,0,0
1,0,0,0
0,0,0,0
0,0,0,0
0,0,0,0
0,0,0,0
0,0,0,0
0,0,0,0
0,0,0,0
0,0,0,0
1,1,1,1
0,0,0,0
0,0,0,0
0,0,0,0
0,0,0,0
0,0,0,0
1,1,1,1
0,0,0,0
0,0,0,0
0,0,0,0
1,1,1,1
0,0,0,0
1,0,0,0
0,0,0,0
0,0,0,0
0,0,0,0
0,0,0,0
1,1,1,1
0,1,0,0
0,0,0,0
0,0,1,0
1,1,1,1
1,1,1,1
1,1,1,1
0,0,0,0
0,0,0,0
0,0,0,0
0,0,0,0
0,0,0,0
0,0,0,0
0,0,0,0
1,1,1,1
0,0,0,0
0,0,0,0
0,0,0,0
0,0,0,0
0,0,0,0
1,0,0,0
1,0,0,1
1,0,1,0
0,0,0,0
1,1,1,1
0,0,0,0
1,1,1,1
0,1,1,0
1,0,1,0
1,1,1,1
1,1,1,1
0,1,0,0
0,0,0,0
1,1,1,1
0,0,0,0
0,0,0,0
0,0,0,0
0,1,0,0
0,0,0,0
1,1,1,0
0,0,0,0
0,0,0,0
0,0,0,0
0,0,0,0
0,0,0,0
0,0,0,0
0,0,0,0
0,0,0,0
1,1,1,0
0,0,0,0
0,1,0,0
0,0,0,0
0,0,0,0
0,0,0,0
0,0,0,0
0,0,0,0
0,0,0,0
0,0,1,0
0,0,0,0
0,0,0,0
1,1,1,1
1,0,0,0
1,1,1,1
0,0,0,0
1,1,1,1
0,0,0,0
0,1,1,0
0,0,0,0
0,0,0,0
0,0,0,0
0,0,0,0
1,1,1,1
1,0,0,0
1,1,1,1
0,0,0,0
0,0,0,0
0,0,0,0
1,1,1,0
1,0,0,0
0,0,0,0
1,1,1,1
0,0,0,0
0,0,0,0
0,1,1,0
0,0,0,0
0,0,0,0
0,0,0,0
1,1,1,1
0,0,0,0
0,0,0,0
0,0,0,0
0,0,0,0
0,0,0,0
1,0,0,0
0,0,0,0
0,0,0,0
1,1,1,1
0,0,0,0
0,0,0,0
0,0,0,0
0,0,0,0
0,0,0,0
0,0,0,0
0,0,0,0
0,0,0,0
0,0,0,0
0,0,0,0
1,1,1,1
0,0,0,0
1,0,0,0
0,0,0,0
1,1,1,1
0,0,0,0
0,0,0,0
0,0,0,0
0,0,0,0
0,0,0,0
0,0,0,0
0,0,0,0
0,0,0,0
1,1,1,1
0,0,0,0
1,1,1,1
0,0,0,0
0,0,0,0
0,0,0,0
0,0,0,0
0,0,0,0
0,0,0,0
0,0,0,0
1,1,1,1
0,0,0,0
0,0,0,0
0,0,0,0
1,1,1,1
0,0,0,0
0,0,0,0
0,0,0,0
1,0,1,1
0,0,0,0
0,0,0,0
0,0,0,0
0,0,0,0
0,0,0,0
0,0,0,0
0,0,0,0
1,1,1,1
0,0,0,0
0,0,0,1
0,0,0,0
0,0,0,0
0,0,0,0
0,0,0,0
0,0,0,0
1,1,1,1
0,0,0,0
1,1,1,1
0,0,0,0
1,0,0,0
0,0,0,0
0,0,0,0
0,0,0,0
0,0,0,0
0,0,0,0
0,0,0,0
0,0,0,0
0,1,0,0
0,0,0,0
0,0,0,0
0,0,0,0
0,0,0,0
0,0,0,0
0,0,0,0
0,0,0,0
1,0,0,0
0,0,0,0
0,0,0,0
0,1,1,1
1,1,1,1
1,1,1,1
0,0,0,0
0,0,0,0
1,1,1,1
1,0,0,0
0,0,1,0
0,0,0,0
0,0,0,0
0,0,0,0
0,0,0,0
0,0,0,0
0,0,0,0
0,0,0,0
0,0,0,0
0,0,0,0
0,0,0,0
0,0,0,0
1,1,1,1
0,0,0,0
0,0,0,0
0,0,0,0
1,0,0,0
0,0,0,0
0,0,0,0
0,0,0,0
1,1,1,1
0,0,0,0
0,0,0,0
0,0,0,0
0,0,1,0
0,0,0,0
0,0,0,0
0,0,0,0
0,0,0,0
0,0,0,0
0,0,0,0
0,0,0,0
0,0,0,0
0,0,0,0
0,0,0,0
0,0,0,0
0,0,0,0
0,0,0,0
0,0,0,0
0,0,0,0
1,1,1,1
0,0,0,0
0,0,0,0
1,0,0,0
0,0,0,0
0,0,0,0
0,0,0,0
0,0,0,0
0,1,0,0
0,0,0,0
0,0,0,0
0,0,0,0
0,0,0,0
0,0,0,0
0,0,0,0
0,0,0,0
1,1,1,1
0,0,0,0
1,1,1,0
0,0,0,0
0,0,0,0
0,0,0,0
0,0,0,0
0,0,1,0
1,1,1,1
0,0,0,0
0,0,0,0
0,1,1,1
0,1,1,1
0,1,0,0
0,0,0,0
1,0,0,0
1,1,1,1
0,1,1,0
0,0,0,0
0,0,0,0
1,1,1,1
1,1,1,1
1,0,0,0
0,0,0,0
0,0,0,0
0,0,0,0
0,0,0,0
0,0,0,0
1,0,0,0
1,0,0,0
1,1,1,1
0,0,0,0
0,0,0,0
0,0,0,0
0,0,0,0
0,0,0,0
0,1,1,0
0,0,0,0
0,0,0,0
1,1,1,1
0,0,0,0
0,0,0,0
0,0,0,0
0,1,0,0
0,0,0,0
1,1,1,1
0,0,0,0
1,1,1,1
0,0,0,0
0,0,0,0
1,1,1,1
0,0,0,0
1,1,1,1
1,0,0,0
1,1,1,1
0,0,0,0
0,0,0,0
0,0,0,0
0,0,1,0
0,0,1,0
0,0,0,0
0,0,0,0
0,0,0,0
0,1,0,0
0,0,0,0
0,0,0,0
0,0,0,0
0,0,0,0
0,0,0,0
0,0,0,0
0,0,0,0
0,0,0,0
0,0,0,0
0,0,0,0
0,0,0,0
0,0,0,0
0,0,0,0
0,0,0,0
0,0,0,0
0,0,0,0
1,1,1,1
1,1,1,1
0,0,0,0
0,0,0,0
0,0,0,0
0,0,0,0
0,0,0,0
0,0,0,0
0,0,0,0
0,0,0,0
0,0,0,0
0,0,0,0
1,0,0,0
0,0,0,0
1,1,1,1
0,0,0,0
0,0,0,0
1,0,0,0
0,0,0,0
0,0,0,0
0,0,0,0
0,0,0,0
0,0,0,0
0,0,0,0
0,0,0,0
0,0,0,0
0,0,0,0
0,0,0,0
0,0,0,0
1,0,0,0
0,0,0,0
0,0,0,0
0,0,0,0
0,0,0,0
0,0,0,0
0,0,0,0
1,1,1,1
0,0,0,0
0,0,0,0
1,1,1,1
0,0,0,0
0,0,0,0
0,0,0,0
0,0,0,0
0,0,0,0
0,0,0,0
0,0,0,0
1,1,1,1
0,0,0,0
0,0,0,0
0,0,0,0
1,0,0,0
0,0,0,0
1,1,1,1
1,1,1,1
0,1,1,0
1,1,1,0
0,0,0,0
0,0,0,0
1,1,1,1
0,0,0,0
1,1,1,1
0,0,0,0
1,1,1,1
1,0,0,0
0,0,0,0
0,0,0,0
0,0,0,0
0,0,0,0
0,0,0,0
0,0,0,0
0,0,0,0
1,1,1,1
1,1,1,1
0,0,0,0
0,0,0,0
0,0,0,0
0,0,0,0
0,0,0,0
0,0,0,0
0,0,0,0
0,1,1,0
0,0,0,0
0,0,0,0
0,0,1,1
1,0,1,0
1,1,1,0
1,1,1,1
0,0,0,0
0,0,0,0
0,0,0,0
0,0,0,0
0,0,0,0
0,0,0,0
0,0,0,0
0,0,0,0
1,1,1,1
1,1,1,1
0,0,0,0
1,0,0,1
0,0,0,0
0,0,0,0
0,1,1,1
0,0,0,0
0,0,0,0
0,0,0,0
0,0,0,0
0,0,0,0
0,0,0,0
0,0,0,0
0,0,0,0
0,0,0,0
0,0,0,0
0,0,0,0
0,0,0,0
1,1,1,1
0,0,0,0
0,0,0,0
0,0,0,0
1,0,0,0
0,0,0,0
0,0,0,0
0,0,0,0
0,0,0,0
0,0,0,0
1,0,0,0
0,0,0,0
1,1,1,1
1,1,1,1
0,0,0,0
0,0,0,0
0,0,0,0
0,0,0,0
0,0,0,0
0,0,0,0
0,0,0,0
0,0,0,0
0,0,0,0
0,0,0,0
0,0,0,0
0,0,0,0
0,0,0,0
1,1,1,1
0,0,0,0
0,0,0,0
0,0,0,0
0,0,0,0
0,0,0,0
0,0,0,0
1,1,1,1
0,0,0,0
0,0,0,0
0,0,0,0
0,0,0,0
1,1,1,0
0,0,0,0
0,0,0,0
0,0,0,0
0,0,0,0
0,0,0,0
0,0,0,0
1,1,1,1
0,0,0,0
1,0,0,0
1,1,1,1
0,0,0,0
0,0,0,0
1,1,1,1
0,0,0,0
1,1,0,1
0,0,0,0
0,0,0,0
1,1,1,1
0,0,0,0
0,0,0,0
0,0,0,0
0,0,0,0
1,1,1,1
1,1,1,1
0,0,0,0
1,1,1,1
1,1,1,1
0,0,0,0
0,0,0,0
0,0,0,0
0,0,0,0
0,0,0,0
0,0,0,0
0,1,0,0
0,0,0,0
1,0,0,0
0,0,0,0
0,0,0,0
0,0,0,0
0,0,0,0
0,0,0,1
1,1,1,1
0,0,0,0
0,0,0,0
0,0,0,0
0,0,0,0
1,1,1,1
0,0,0,0
0,0,0,0
0,0,0,0
0,0,0,0
0,0,0,0
0,0,0,0
0,0,1,0
0,0,0,0
1,1,1,1
0,0,0,0
1,1,1,1
1,1,1,1
1,1,1,1
1,0,0,0
0,0,0,0
0,0,0,0
0,0,0,0
0,0,0,0
0,0,0,0
0,0,0,0
0,0,0,0
0,0,0,0
0,0,0,0
0,0,0,0
1,1,1,0
1,1,1,1
1,1,1,1
0,1,0,0
0,0,0,0
0,0,0,0
0,0,0,0
1,1,1,1
0,0,1,0
0,0,0,0
0,0,0,0
0,0,0,0
0,0,0,0
0,1,1,1
1,1,1,1
1,1,1,1
0,0,0,0
0,0,0,0
0,0,0,0
0,0,0,0
0,0,0,0
0,0,0,0
0,0,0,0
1,0,0,0
0,0,1,0
0,0,0,0
0,0,0,0
0,0,0,0
1,0,0,0
0,0,0,0
0,0,0,0
1,0,1,1
0,0,0,0
0,0,0,0
0,0,0,0
0,0,0,0
0,0,0,0
0,0,0,0
0,0,0,0
0,0,0,0
0,0,0,0
0,0,0,0
0,0,0,0
0,0,0,0
0,0,0,0
0,0,0,0
0,0,0,0
0,0,0,0
0,0,0,0
0,0,0,0
0,0,0,0
0,0,0,0
0,0,0,0
0,0,0,0
1,0,0,0
0,1,0,0
1,1,1,1
0,0,0,0
1,1,1,1
0,0,0,0
1,1,1,1
0,0,0,0
0,0,0,0
1,0,0,0
0,0,0,0
0,0,0,0
0,0,0,0
1,0,0,0
0,0,0,0
0,0,0,0
0,0,0,0
0,0,0,0
0,0,0,0
0,0,0,0
0,0,0,0
0,0,0,0
0,0,0,0
0,0,0,0
0,0,0,0
1,1,1,1
1,1,1,1
0,0,0,0
0,0,0,0
1,1,1,0
1,1,1,1
1,1,1,1
0,0,0,0
0,0,0,0
0,0,0,0
0,0,0,0
0,0,0,0
0,0,0,0
1,1,1,1
0,0,0,0
0,0,0,0
0,0,0,0
0,0,0,0
0,0,0,0
0,0,0,0
1,1,1,1
0,0,0,0
0,0,0,0
0,1,1,0
0,1,1,1
1,1,1,1
0,0,0,0
0,0,0,0
0,0,0,0
0,0,0,0
0,0,0,0
0,1,1,1
1,0,0,0
1,1,1,1
1,1,1,1
0,0,0,0
1,0,0,0
0,0,0,0
0,0,0,0
0,0,0,0
0,0,0,0
0,0,0,0
1,0,0,0
0,0,0,0
0,0,0,0
0,0,0,0
0,0,0,0
1,1,1,1
0,0,0,0
0,0,0,0
0,0,0,0
0,1,0,0
0,0,0,0
0,0,0,0
1,1,1,1
0,0,0,0
0,0,0,0
0,0,0,0
0,1,1,0
1,1,1,0
0,0,0,0
0,0,0,0
1,0,0,0
0,0,0,0
1,0,1,0
1,1,1,1
0,0,0,0
0,0,0,0
0,0,0,0
0,0,0,0
0,0,0,0
1,1,1,1
0,0,0,0
0,0,0,0
0,0,0,0
0,0,0,0
0,0,0,0
0,0,0,0
0,0,0,0
1,1,1,1
0,0,0,0
0,0,1,0
0,0,0,0
0,0,0,0
0,1,0,0
0,0,0,0
0,0,0,0
1,1,1,1
0,0,0,0
0,0,0,0
1,1,1,1
1,0,0,0
0,0,0,0
0,0,0,0
0,0,0,0
0,0,0,0
0,1,0,0
0,0,0,0
0,0,0,0
0,0,0,0
0,0,0,0
0,1,1,0
1,1,1,0
0,0,0,0
0,0,0,0
0,0,0,0
0,0,0,0
0,0,0,0
1,1,1,1
0,0,0,0
1,1,1,1
0,0,0,0
0,0,0,0
0,0,0,0
0,0,0,0
0,0,0,0
0,0,0,0
0,0,0,0
0,0,0,0
1,1,1,1
0,0,0,0
0,0,0,0
0,0,0,0
0,0,0,0
1,1,1,1
1,1,1,1
0,0,0,0
0,0,0,0
0,0,0,0
0,0,0,0
0,0,0,0
0,0,0,0
0,0,0,0
1,1,1,1
0,0,0,0
1,1,1,1
0,0,0,0
0,0,0,0
0,0,0,0
0,0,0,0
1,1,1,1
0,0,0,0
0,0,0,0
0,0,0,0
0,0,0,0
0,0,0,0
0,0,0,0
1,1,1,1
0,0,0,0
0,0,0,0
0,0,0,0
0,0,0,0
0,0,0,0
0,0,0,0
0,0,1,0
1,0,0,0
0,0,0,0
0,0,0,0
0,0,0,0
0,0,0,0
0,0,0,0
0,0,0,0
0,0,0,0
0,0,0,0
0,0,0,0
0,0,0,0
0,0,0,0
0,0,0,0
0,0,1,0
1,1,1,1
0,0,0,0
0,0,0,0
0,0,0,0
0,1,0,0
0,0,0,0
0,0,0,0
0,0,0,0
0,0,0,0
1,1,1,1
1,1,1,1
1,1,1,1
0,0,0,0
0,0,0,0
0,0,0,0
0,0,0,0
0,0,0,0
0,0,0,0
0,0,0,0
1,1,1,1
0,0,0,0
1,1,1,1
0,0,0,0
0,0,0,0
0,0,0,0
0,0,0,0
0,0,0,0
1,0,0,0
0,0,0,0
0,0,0,0
0,0,0,0
0,0,0,0
0,0,0,0
1,1,1,1
0,0,0,0
0,0,0,0
0,0,0,0
0,0,0,0
0,0,0,0
0,0,0,0
0,0,0,0
0,0,0,0
0,0,0,0
0,0,0,0
0,0,0,0
0,0,0,0
0,0,0,0
0,0,0,0
0,0,1,0
0,0,0,0
1,1,1,1
0,0,1,0
0,0,0,0
0,0,0,0
0,0,0,0
0,1,1,0
0,0,0,0
1,0,0,0
0,0,0,0
0,0,0,0
0,0,0,0
0,0,0,0
0,0,0,0
0,0,0,0
0,0,0,0
0,0,0,0
0,0,0,0
1,0,1,1
0,0,0,0
0,0,0,0
0,0,0,0
0,0,0,0
0,0,0,0
0,0,0,0
0,0,0,0
1,1,1,1
0,0,0,0
0,0,0,0
0,0,0,0
0,0,0,0
0,0,0,0
0,0,0,0
0,0,0,0
1,0,1,1
1,1,1,1
0,0,0,0
0,0,0,0
1,0,0,0
0,0,0,0
0,0,0,0
0,0,0,0
0,1,0,0
1,0,0,0
1,1,1,1
1,0,0,0
0,0,0,0
0,0,0,0
0,0,0,0
0,0,0,0
0,0,0,0
0,1,0,0
0,0,0,0
0,0,0,0
0,0,0,0
1,1,1,1
1,1,1,1
0,0,0,0
1,1,1,1
0,0,0,0
0,0,0,0
0,0,0,0
0,0,0,0
0,0,0,0
1,1,1,1
1,1,1,1
0,0,0,0
0,0,0,0
0,0,0,0
1,1,1,1
0,0,0,0
1,1,1,1
0,0,0,0
0,0,0,0
1,1,1,1
1,1,1,1
0,0,0,0
0,0,0,0
1,1,1,1
0,0,0,0
1,1,1,1
0,0,0,0
0,0,0,0
1,0,0,0
0,0,0,0
0,0,0,0
0,0,0,0
0,1,1,0
0,1,0,0
0,0,0,0
0,0,0,0
1,1,1,1
0,0,0,0
0,0,0,0
1,1,1,1
0,0,1,0
0,0,0,0
0,0,0,0
0,0,0,0
1,1,1,1
1,1,1,1
1,0,0,0
1,1,1,1
0,0,0,0
0,0,0,0
0,0,0,0
0,0,0,0
0,0,0,0
0,0,0,0
0,0,0,0
1,1,1,0
0,0,0,0
0,0,0,0
0,0,0,0
0,0,0,0
0,0,0,0
1,1,1,1
0,0,0,0
0,0,0,0
0,0,0,0
0,0,0,0
1,1,1,1
1,1,1,1
0,0,0,0
0,0,0,0
1,1,1,1
1,1,1,1
1,1,1,1
0,0,0,0
1,1,1,1
0,0,0,0
0,0,0,0
0,0,0,1
0,0,0,0
0,0,0,0
0,0,0,0
0,0,0,0
0,0,0,0
0,0,0,0
0,0,0,0
1,0,0,0
0,0,0,0
0,0,0,0
0,0,0,0
0,0,0,0
0,0,0,0
0,1,1,0
0,0,0,0
0,0,0,0
0,0,0,0
0,0,0,0
1,1,1,1
0,0,0,0
0,0,0,0
1,0,0,0
0,0,0,0
0,0,0,0
0,0,0,0
0,0,0,0
0,0,0,0
0,0,0,0
1,1,1,1
0,0,0,0
0,0,0,0
0,0,0,0
0,0,0,0
0,0,0,0
0,0,0,0
0,0,0,0
0,0,0,0
0,0,0,0
0,0,0,0
1,1,1,1
0,1,0,0
0,0,0,0
1,0,1,0
0,0,0,0
1,1,1,1
1,1,1,1
0,0,0,0
0,0,0,0
1,0,0,0
0,0,0,0
1,1,1,1
1,1,1,1
0,0,0,0
1,1,1,1
0,0,0,0
0,0,0,0
0,0,0,0
0,0,0,0
0,0,0,0
1,1,1,1
0,0,0,0
0,0,0,0
0,0,0,0
0,0,0,0
1,0,0,0
0,0,0,0
0,0,0,0
0,0,0,0
0,0,0,0
0,0,0,0
1,1,1,1
1,0,0,0
0,0,0,0
0,0,0,0
1,1,1,1
0,0,0,0
0,1,0,0
0,0,0,0
0,0,0,0
1,0,0,0
0,0,0,0
0,1,0,0
1,0,0,0
0,0,0,0
0,0,0,0
0,0,0,0
1,1,1,1
0,0,0,0
0,0,1,0
0,0,0,0
0,0,0,0
0,0,0,0
1,1,1,1
0,0,0,0
0,0,0,0
1,0,0,0
0,0,0,0
0,0,0,0
1,0,1,1
0,0,0,0
0,0,1,0
1,0,0,0
1,1,1,1
0,0,0,0
0,0,0,0
0,0,0,0
0,0,0,0
0,0,0,0
0,0,0,0
0,0,0,0
1,1,1,1
0,0,0,0
0,0,0,0
0,0,0,0
0,0,0,0
0,0,0,0
0,0,0,0
0,0,0,0
0,0,0,0
0,0,0,0
0,0,0,0
1,0,0,0
0,0,0,0
0,1,0,0
0,0,0,0
0,0,0,0
0,0,0,0
0,0,0,0
1,1,1,1
1,0,0,0
0,0,0,0
0,0,0,0
0,0,0,0
0,0,0,0
0,0,0,0
0,0,0,0
0,0,0,0
1,1,1,1
1,1,1,1
0,0,0,0
0,0,0,0
0,0,0,0
0,0,0,0
1,1,1,1
1,1,1,1
0,0,0,0
1,1,1,1
0,0,0,0
1,1,1,1
0,0,0,0
0,0,0,0
0,0,0,0
0,0,0,0
0,0,0,0
0,0,0,0
0,0,0,0
0,0,0,0
1,1,0,0
0,0,0,0
0,0,0,0
0,0,0,0
0,0,0,0
0,0,0,0
0,0,0,0
0,0,0,0
1,1,1,1
0,1,1,0
0,0,0,0
0,0,0,0
0,0,0,0
0,0,0,0
0,0,0,0
0,0,0,0
0,0,0,0
0,0,0,0
0,0,0,0
0,0,0,0
0,1,0,0
0,0,0,0
0,0,0,0
0,0,0,0
0,0,0,0
0,0,0,0
0,0,0,0
1,1,1,1
0,0,0,0
0,0,0,0
1,1,1,1
0,0,0,0
0,0,0,0
0,0,0,0
0,0,1,0
0,0,0,0
0,0,0,0
0,0,0,0
0,0,0,0
0,0,0,0
0,0,0,0
0,0,0,0
0,0,0,0
0,0,0,0
0,0,0,0
0,0,0,0
1,1,1,1
1,1,1,1
1,1,0,0
0,1,1,0
0,0,0,0
0,0,0,0
0,0,0,0
0,0,0,0
0,0,0,0
0,0,0,0
0,0,1,1
0,0,0,0
0,0,0,0
1,1,1,1
0,0,0,0
0,0,0,0
0,0,0,0
0,0,0,0
0,0,0,0
1,1,1,1
0,0,0,0
0,0,0,0
0,0,0,0
1,1,1,1
1,0,0,0
0,0,0,0
0,0,0,0
1,1,1,0
0,0,0,0
0,0,0,0
0,0,0,0
0,0,0,0
0,0,1,0
0,0,0,0
1,1,1,1
1,1,1,1
1,1,1,0
0,0,0,0
0,0,0,0
1,0,0,0
0,0,0,0
0,0,0,0
0,0,0,0
1,1,1,1
0,0,0,0
0,0,0,0
0,0,0,0
1,1,1,1
1,0,0,0
0,0,0,0
0,0,0,0
0,0,0,0
0,0,0,0
1,1,1,1
1,0,0,0
0,0,0,0
1,1,1,0
0,0,0,0
1,0,0,0
1,1,1,1
1,1,1,1
0,0,0,0
1,1,1,1
0,0,0,0
0,0,0,0
1,0,0,0
0,0,0,0
1,1,1,1
0,1,1,1
0,0,0,0
0,1,0,0
0,0,1,1
0,0,0,0
0,0,0,0
0,0,0,0
0,0,0,0
0,0,0,0
0,0,1,0
0,1,1,0
0,0,0,0
0,0,0,0
0,0,0,0
1,1,1,1
0,0,0,0
0,0,0,0
0,0,0,0
1,0,0,0
1,1,1,1
0,1,1,0
0,0,0,0
1,1,1,1
1,0,0,0
0,1,1,0
0,0,0,0
0,0,0,0
0,0,0,0
0,0,0,0
0,0,0,0
0,0,0,0
1,1,1,1
0,0,0,0
1,1,1,1
1,1,1,1
0,0,0,0
0,0,0,0
0,0,0,0
0,0,0,0
0,0,0,0
0,0,0,0
0,0,1,0
0,0,0,0
0,0,0,0
1,1,1,1
0,0,0,0
1,1,1,1
0,0,0,0
1,1,1,1
0,0,0,0
0,0,0,0
0,0,0,0
0,0,0,0
0,0,0,0
0,0,0,0
0,0,0,0
1,1,1,1
1,1,1,1
0,0,0,0
1,0,0,0
0,0,0,0
0,0,0,0
0,0,0,0
0,0,1,0
1,1,1,1
0,0,0,0
0,0,0,0
0,0,0,0
0,0,0,0
0,0,0,0
1,1,1,1
0,0,0,0
0,0,1,0
0,0,0,0
0,0,0,0
0,0,0,0
0,0,0,0
0,0,0,0
0,0,0,0
0,0,0,0
0,1,1,0
0,0,0,0
1,1,1,1
0,0,0,0
1,0,0,0
1,0,0,0
0,0,0,0
0,1,1,1
0,0,0,0
1,1,1,1
0,0,0,0
0,0,0,0
0,0,0,0
1,0,0,0
0,0,0,0
0,0,0,0
0,0,0,0
1,1,1,1
0,0,0,0
0,0,0,0
0,0,0,0
0,0,0,0
0,0,0,0
0,0,0,0
0,0,0,0
0,0,0,0
0,0,0,0
0,0,0,0
0,0,0,0
0,0,0,0
0,0,0,0
0,0,0,0
0,0,0,0
0,0,0,0
0,0,1,0
1,1,0,0
0,0,0,0
0,0,0,0
0,0,0,0
0,0,0,0
1,1,1,1
1,1,1,1
1,1,1,1
1,1,1,1
0,1,0,0
0,0,0,0
0,0,0,0
0,0,0,0
0,0,0,0
0,0,0,0
0,0,0,0
0,0,0,0
0,0,0,0
0,0,0,0
0,0,0,0
0,0,0,0
0,0,0,0
0,0,0,0
0,0,0,0
1,0,0,0
0,0,0,0
1,1,1,1
0,0,0,0
0,0,0,0
0,0,0,0
0,0,0,0
0,0,0,0
0,0,0,0
0,0,0,0
1,1,1,1
0,0,0,0
1,0,0,0
0,0,0,0
0,0,0,0
0,0,0,0
0,0,0,0
0,0,0,0
0,0,0,0
0,0,0,0
1,1,1,0
0,0,0,0
0,0,0,0
0,0,0,0
0,0,1,1
0,0,0,0
1,1,1,1
0,0,0,0
0,0,0,0
0,0,0,0
0,0,0,0
1,1,1,1
0,0,0,0
0,0,0,0
0,0,0,0
1,1,1,1
0,0,0,0
0,0,0,0
0,0,0,0
0,0,0,0
0,0,0,0
0,0,0,0
0,0,0,0
0,0,0,0
0,0,0,0
0,0,0,0
0,0,0,0
1,1,1,1
0,0,0,0
0,0,0,0
0,0,0,0
0,0,1,0
1,1,1,1
0,0,0,0
1,1,1,1
1,1,1,1
0,0,0,0
1,1,1,1
0,0,0,0
1,1,1,1
0,0,0,0
0,0,0,0
1,1,0,1
0,0,0,0
0,0,0,0
0,0,0,0
0,0,0,0
0,1,0,0
0,0,0,0
0,0,0,0
1,0,0,0
0,0,0,0
0,1,1,1
1,1,1,1
0,0,0,0
0,1,0,0
0,0,0,0
0,0,0,0
0,0,0,0
1,0,0,0
0,1,1,1
0,1,1,1
1,1,1,1
1,1,1,1
0,0,0,0
1,1,1,1
0,0,0,0
0,0,0,0
0,0,0,0
0,0,0,0
0,0,0,0
0,1,1,1
0,0,0,0
0,0,0,0
0,0,0,0
0,0,0,0
0,0,0,0
0,0,0,0
0,0,0,0
1,1,1,1
0,0,0,0
0,0,0,0
0,0,0,0
1,1,1,1
1,0,0,0
0,0,0,0
0,0,0,0
0,0,0,0
0,0,0,0
1,1,1,1
0,0,0,0
1,0,0,0
1,1,0,0
0,0,0,0
0,0,0,0
0,0,0,0
0,0,0,0
1,1,1,1
0,0,0,0
1,1,1,1
0,0,0,0
0,0,0,0
0,0,0,0
0,0,0,0
0,0,0,0
1,1,1,1
0,0,0,0
0,0,0,0
0,0,1,0
0,0,0,0
0,0,0,0
0,0,0,0
1,1,1,1
0,0,0,0
1,1,1,1
0,0,0,0
1,1,1,1
0,0,0,0
0,0,0,0
0,0,0,0
1,0,0,0
0,0,1,0
0,0,0,0
1,1,1,1
0,0,0,0
0,1,0,0
0,0,0,0
0,0,0,0
0,0,0,0
1,0,1,1
0,0,0,0
0,0,0,0
1,0,0,0
0,0,0,0
0,0,1,0
0,0,0,0
0,0,0,0
1,1,1,1
1,1,1,1
1,1,1,0
0,0,0,0
0,0,0,0
0,0,0,0
0,0,0,0
0,0,0,0
1,1,1,1
0,0,0,0
0,0,0,0
0,0,0,0
0,0,0,0
0,0,0,0
1,0,0,0
1,1,1,1
1,1,1,1
1,0,0,0
0,0,0,0
0,0,0,0
1,1,1,1
0,0,0,0
0,0,0,0
1,0,0,0
0,0,0,0
0,0,0,0
0,0,0,0
0,0,0,0
0,0,0,0
0,0,0,0
0,0,0,0
0,0,0,0
0,0,0,0
0,0,0,0
0,0,0,0
0,1,0,0
0,0,0,0
1,1,1,1
0,0,0,0
0,0,0,0
0,0,0,0
0,0,0,0
0,0,0,0
0,0,0,0
0,0,0,0
0,0,0,0
1,1,1,1
0,0,0,0
0,0,0,0
0,0,0,0
0,0,0,0
0,0,0,0
1,0,1,0
0,0,0,0
0,0,0,0
1,1,1,1
1,1,1,1
0,0,0,0
1,0,0,0
1,1,1,0
0,0,0,0
0,0,0,0
0,0,0,0
0,0,0,0
0,0,0,0
0,0,0,0
0,0,0,0
0,0,0,0
0,0,0,0
1,1,1,1
0,0,0,0
0,0,0,0
0,0,0,0
0,0,0,0
0,0,0,0
1,1,1,1
0,0,0,0
0,0,0,0
0,0,0,0
0,0,0,0
0,0,0,0
0,0,0,0
0,0,0,0
0,0,0,0
1,1,1,1
0,0,0,0
0,0,0,0
0,0,0,0
1,1,1,1
0,0,0,0
1,1,1,1
0,0,0,0
0,0,0,0
0,0,0,0
0,0,0,0
1,1,1,1
0,0,0,0
0,0,0,0
0,1,1,0
0,0,0,0
0,0,0,0
0,0,0,0
0,0,0,0
0,0,0,0
1,1,1,1
0,0,0,0
0,0,0,0
0,0,0,0
0,0,0,0
1,1,1,1
0,0,0,0
0,0,0,0
0,0,0,0
0,0,0,0
0,0,1,0
0,0,0,0
0,0,0,0
1,1,1,1
0,0,0,0
0,1,1,1
0,0,0,0
0,1,0,0
1,1,1,1
0,0,0,0
0,0,0,0
1,0,0,0
0,1,1,1
0,0,0,0
0,0,0,0
0,0,0,0
1,0,0,0
0,0,0,0
0,0,0,0
1,0,0,0
0,0,0,0
0,1,0,0
0,0,0,0
0,0,0,0
0,0,0,0
1,1,1,1
0,1,0,0
1,1,1,1
0,0,0,0
0,0,0,0
1,0,0,0
0,1,0,0
0,0,0,0
1,1,1,1
0,0,0,0
0,0,0,0
0,0,0,0
0,0,0,0
0,0,0,0
0,0,0,0
0,0,0,0
0,0,0,0
1,1,1,1
0,0,0,0
0,0,0,0
0,0,0,0
0,0,0,0
0,1,1,1
0,0,0,0
0,0,0,0
0,1,1,0
0,0,0,0
0,0,0,0
1,1,1,1
0,0,0,0
0,0,0,0
0,0,0,0
1,1,1,1
0,0,0,0
0,0,0,0
0,0,0,0
1,1,1,1
1,1,0,0
1,0,0,0
0,0,0,0
0,0,0,0
0,0,0,0
0,0,0,0
0,0,0,0
0,0,0,0
0,1,1,0
0,0,0,0
0,0,0,0
0,0,0,0
0,0,0,0
0,0,0,0
0,0,1,0
0,0,0,0
0,0,0,0
0,1,1,0
1,1,1,1
0,0,0,0
0,0,0,0
0,0,0,0
0,0,0,0
0,0,0,0
0,0,0,0
0,0,0,0
1,0,0,0
0,0,0,0
0,0,0,0
0,0,0,0
0,0,0,0
1,1,1,1
0,0,0,0
0,0,0,0
0,0,0,0
0,0,0,0
0,0,0,0
0,0,0,0
1,1,1,1
1,1,1,1
0,0,0,0
0,0,0,0
0,0,0,0
1,1,1,1
0,0,1,0
0,0,0,0
0,0,1,0
0,0,0,0
0,0,0,0
1,0,0,0
0,0,0,0
0,0,0,0
0,0,0,0
0,0,0,0
0,0,0,0
0,0,0,0
0,0,0,0
0,0,0,0
0,0,0,0
0,0,0,0
0,0,0,0
0,0,0,0
0,0,0,0
0,0,0,0
1,1,1,1
0,0,1,0
0,0,0,0
0,0,0,0
0,0,0,0
1,1,1,1
1,1,1,1
0,0,0,0
0,0,0,0
0,0,0,0
1,0,0,0
0,0,0,0
0,1,0,0
0,0,0,0
1,1,1,1
0,0,0,0
0,0,0,0
0,0,0,0
0,0,0,0
0,0,0,0
1,0,0,0
0,0,0,0
0,0,0,0
0,0,1,0
0,0,1,0
1,1,1,1
0,0,0,0
0,0,0,0
0,0,0,0
0,0,0,0
0,0,0,0
0,0,0,0
1,1,1,1
0,0,0,0
0,0,1,0
0,0,0,0
1,1,1,1
0,0,0,0
0,0,0,0
0,0,0,0
0,0,0,0
1,1,1,1
1,1,1,1
0,0,0,0
0,0,0,0
0,0,0,0
0,0,0,0
0,0,0,0
0,0,0,0
0,0,0,0
0,0,0,0
0,0,0,0
1,0,1,1
1,1,0,1
0,0,0,0
0,0,0,0
0,0,0,0
0,0,0,0
0,0,0,0
0,0,0,0
0,0,0,0
0,0,0,0
1,1,1,1
1,0,1,0
0,0,0,0
0,0,0,0
0,1,0,0
0,0,0,0
1,1,1,1
0,0,0,0
0,0,0,0
0,0,0,0
0,0,0,0
0,0,0,0
0,0,0,0
1,1,1,1
1,0,0,0
1,1,1,1
0,0,0,0
0,0,0,0
0,0,0,0
0,0,0,0
1,1,1,1
0,0,0,0
0,0,0,0
0,0,0,0
0,0,0,0
0,0,0,0
0,0,0,0
1,1,1,1
0,0,0,0
0,0,0,0
1,1,1,1
0,0,1,1
0,0,0,0
1,1,1,1
0,0,0,0
0,1,1,0
0,0,0,0
0,0,0,0
1,0,0,0
0,0,0,0
1,0,0,0
0,0,0,0
0,0,0,0
0,0,0,0
0,0,1,0
0,0,0,0
0,0,0,0
0,0,0,0
0,0,0,0
0,0,0,0
0,0,0,0
0,0,0,0
0,0,0,0
0,0,0,0
1,1,1,1
0,0,0,0
0,0,0,0
0,0,0,0
1,1,1,1
0,0,0,0
0,0,0,0
0,0,0,0
1,0,0,0
0,0,0,0
0,0,0,0
0,0,0,0
0,0,0,0
0,0,0,0
1,1,1,1
1,0,0,0
0,0,0,0
1,1,0,1
0,0,0,0
0,0,0,0
0,0,0,0
0,0,0,0
0,0,0,0
0,0,0,0
1,1,1,1
0,0,0,0
0,0,0,0
0,0,0,0
0,0,0,0
0,0,1,0
0,0,0,0
0,0,0,0
0,0,0,0
0,0,0,0
0,0,0,0
0,0,1,0
0,0,0,0
0,0,0,0
0,0,0,0
0,0,0,0
0,0,0,0
1,1,1,1
0,0,0,0
1,1,1,1
1,1,1,1
0,1,1,0
0,0,0,0
0,0,0,0
0,0,0,0
1,0,0,0
0,0,0,0
0,0,0,0
0,0,0,0
0,0,1,1
0,0,0,0
1,1,1,1
1,1,1,1
0,0,0,0
1,1,1,1
0,0,0,0
0,0,0,0
0,0,0,0
1,1,1,1
0,0,0,0
0,0,0,0
0,0,0,0
0,0,0,0
0,1,0,0
1,1,1,1
1,0,0,0
1,1,1,1
0,0,0,0
0,0,0,0
0,0,0,0
1,1,1,1
1,1,1,1
0,0,0,0
0,0,0,0
0,1,1,0
1,1,1,1
1,1,1,1
0,0,0,0
0,0,0,0
0,0,0,0
0,0,0,0
0,0,0,0
0,0,1,0
0,0,0,0
0,0,0,0
1,1,1,1
1,0,0,0
0,0,0,0
0,0,0,0
0,0,0,0
0,0,0,0
0,0,0,0
1,1,1,1
1,0,0,0
1,1,1,1
0,0,0,0
1,0,0,0
0,0,0,0
0,0,0,0
0,0,0,0
0,0,0,0
0,0,0,0
0,0,0,0
0,0,0,0
0,0,0,0
0,0,0,0
0,0,0,0
0,0,0,0
0,0,0,0
0,0,0,0
1,1,1,1
0,0,0,0
0,0,0,0
0,0,0,0
0,0,0,0
0,0,0,0
0,0,0,0
0,0,0,0
0,1,1,0
0,0,0,0
0,1,0,0
0,1,1,1
1,1,1,1
0,0,0,0
0,0,0,0
0,0,0,0
0,0,0,0
0,0,0,0
0,0,0,0
0,0,0,0
1,1,0,0
0,0,0,0
0,0,0,0
0,0,0,0
0,0,0,0
0,0,0,0
1,1,1,1
0,0,0,0
0,0,0,0
0,0,0,0
0,0,0,0
0,0,0,0
1,1,1,1
0,0,0,0
0,0,0,0
0,0,0,0
0,0,0,0
0,0,0,0
0,0,0,0
0,0,0,0
1,1,1,1
0,0,1,0
0,0,0,0
0,0,0,0
1,1,1,1
1,0,0,0
0,0,0,0
0,0,0,0
0,0,0,0
0,0,0,0
0,0,0,0
1,1,1,1
0,0,0,0
1,1,1,1
0,0,0,0
0,0,0,0
0,1,0,0
0,0,0,0
0,0,0,0
0,0,0,0
0,1,0,0
1,1,1,1
0,0,0,0
0,0,0,0
1,1,1,1
0,0,0,0
0,0,0,0
0,0,0,0
0,0,0,0
0,0,0,0
1,1,1,1
0,0,0,0
1,1,1,1
0,0,0,0
0,0,0,0
1,1,1,1
0,0,0,0
0,0,0,0
0,1,0,0
0,0,0,0
0,0,1,0
0,0,0,0
1,0,0,0
0,0,0,0
1,1,1,1
0,0,0,0
0,0,0,0
0,0,0,0
0,0,0,0
1,1,1,1
1,0,0,0
0,1,1,1
0,0,0,0
1,0,0,0
0,0,0,0
0,0,0,0
1,1,1,1
0,0,0,0
0,0,0,0
0,0,0,0
0,0,0,0
0,0,0,0
0,0,0,0
0,0,0,0
0,0,0,0
0,0,0,0
0,0,0,0
0,0,0,0
0,0,0,0
0,0,0,0
0,0,0,0
0,0,1,0
0,0,0,0
1,1,1,1
0,0,0,0
0,0,0,0
1,0,0,0
0,0,0,0
0,1,1,1
0,0,0,0
0,0,0,0
0,0,0,0
0,0,0,0
0,0,0,0
0,0,0,0
0,0,0,0
1,1,1,1
0,0,0,0
0,0,0,0
0,0,0,0
1,1,1,1
0,0,0,0
0,0,0,0
1,1,1,1
0,0,1,0
0,0,0,0
1,0,0,0
0,0,0,0
0,0,0,0
0,0,0,0
1,0,1,0
0,0,0,0
0,0,0,0
0,0,0,0
0,0,0,0
1,0,0,0
1,0,0,0
1,1,1,1
0,0,0,0
1,1,1,1
0,0,0,0
1,0,0,0
0,0,0,0
0,0,0,0
1,1,1,1
0,0,0,0
1,1,1,1
0,0,0,0
0,0,0,0
0,0,0,0
0,0,0,0
0,0,0,0
1,1,1,1
0,0,0,0
1,1,1,1
0,0,0,0
0,0,0,0
0,0,0,0
0,0,0,0
0,0,0,0
0,0,0,0
0,0,0,0
0,0,0,0
0,0,0,0
0,0,0,0
0,0,0,0
1,1,1,1
0,0,0,0
0,1,0,0
0,0,0,0
1,1,1,0
0,0,0,0
0,0,0,0
0,0,0,0
0,1,1,0
0,0,0,0
0,0,0,0
1,1,1,0
0,0,0,0
0,0,0,0
0,0,0,0
0,0,0,0
0,0,0,0
1,0,0,0
0,0,0,0
1,1,1,1
0,0,0,0
1,0,0,0
0,0,0,0
0,0,0,0
0,0,0,0
0,0,1,0
0,0,0,0
0,0,0,0
0,0,0,0
0,0,0,0
0,0,0,0
0,0,0,0
1,1,1,1
0,0,0,0
0,0,0,0
0,0,0,0
0,0,0,0
0,0,0,0
0,0,0,0
0,0,0,0
0,1,0,0
0,0,0,0
0,0,0,0
1,0,1,1
0,0,0,0
0,0,0,0
1,0,0,0
0,0,0,0
0,0,0,0
0,0,0,0
0,0,0,0
0,0,0,0
0,0,0,0
1,1,1,1
0,0,0,0
0,0,0,0
1,1,1,1
0,0,0,0
1,1,1,1
0,0,0,0
0,0,0,0
0,0,0,0
0,0,0,0
1,1,1,1
1,1,1,1
0,0,0,0
1,1,1,1
0,1,1,0
1,1,1,1
1,1,1,1
0,0,0,0
0,0,0,0
0,0,0,0
1,1,1,1
0,0,0,0
1,1,1,1
0,0,0,0
0,0,0,0
0,0,0,0
0,0,0,0
1,0,1,1
0,0,0,0
0,0,0,0
1,1,1,1
0,0,0,0
1,1,1,1
0,0,0,0
0,0,0,0
0,0,0,0
1,1,1,1
0,0,0,0
1,0,0,0
1,0,0,0
0,0,0,0
1,1,1,1
0,0,0,0
0,0,0,0
1,0,0,0
0,0,0,0
0,0,0,0
0,0,0,0
0,0,0,0
0,0,0,0
0,0,0,0
0,0,1,0
0,0,0,0
0,1,1,1
0,0,0,0
0,0,0,0
0,0,0,0
1,1,1,1
0,0,0,0
0,0,0,0
0,0,0,0
0,0,0,0
0,0,0,0
1,1,1,1
0,0,0,0
0,0,1,0
0,0,0,0
0,0,0,0
0,0,0,0
0,0,0,0
1,1,1,1
1,1,1,1
1,1,1,1
0,0,0,0
0,0,0,0
0,0,0,0
0,0,0,0
0,0,0,0
0,0,0,0
1,1,1,1
0,0,0,0
0,0,0,0
0,0,0,0
0,0,0,0
1,1,1,1
1,1,1,1
1,0,0,0
0,0,0,0
1,1,1,1
1,1,1,1
1,1,0,0
0,0,0,0
1,1,1,1
0,0,0,0
0,0,0,0
0,0,0,0
1,0,0,0
0,0,0,0
0,0,0,0
0,0,0,0
0,0,1,0
1,1,1,1
1,1,1,1
1,0,0,0
0,1,1,0
0,0,0,0
1,0,0,0
1,0,0,0
0,1,1,1
0,0,0,0
1,0,0,0
0,0,0,0
0,0,0,0
0,0,0,0
1,0,1,0
1,0,0,0
1,1,1,1
0,0,0,0
0,0,0,0
0,0,0,0
1,0,0,0
0,0,0,0
0,0,0,0
0,0,0,0
1,1,0,0
1,0,0,0
0,0,0,0
0,0,0,0
0,0,0,0
0,0,0,0
0,0,0,0
1,0,0,0
0,0,0,0
0,0,0,0
1,1,1,1
0,1,0,0
0,0,0,0
0,0,0,0
1,1,1,0
0,0,0,0
0,0,0,0
0,0,0,0
1,0,0,0
0,0,0,0
0,0,0,0
0,0,0,0
0,1,0,0
1,1,1,1
1,1,1,1
0,1,0,0
1,1,1,1
0,0,0,0
0,0,0,0
0,0,0,0
0,0,0,0
0,0,0,0
0,0,0,0
0,0,0,0
0,0,0,0
0,0,0,0
0,0,0,0
0,0,0,0
0,0,0,0
0,0,0,0
0,0,0,0
0,0,0,0
0,0,0,0
0,0,0,0
0,0,0,0
0,0,0,0
0,0,0,0
0,0,0,1
0,0,0,0
0,0,0,0
0,0,0,0
0,0,0,0
0,0,0,0
0,0,0,0
0,0,0,0
0,0,0,0
0,0,0,0
1,0,0,0
1,1,1,1
1,1,1,1
0,0,0,0
0,0,0,0
0,0,0,0
0,0,0,0
0,0,0,0
0,0,0,0
0,0,0,0
0,0,0,0
0,0,0,0
0,0,0,0
0,0,0,0
0,0,0,0
1,1,1,1
0,0,0,0
0,0,0,0
0,0,0,0
0,0,0,0
0,0,0,0
0,1,0,0
0,0,0,0
0,0,0,0
0,1,1,1
0,0,0,0
0,0,0,0
1,1,1,1
0,0,0,0
0,0,0,0
0,0,0,0
0,0,1,0
0,0,0,0
0,0,0,0
0,0,0,0
0,0,0,0
1,1,1,1
0,0,0,0
0,0,0,0
0,0,0,0
0,0,0,0
0,0,0,0
1,0,0,0
0,0,0,0
0,0,0,0
0,0,0,0
0,0,0,0
0,0,0,0
0,0,0,0
1,1,1,1
1,1,1,1
0,0,0,0
0,0,0,0
1,1,1,1
1,1,1,0
0,0,0,0
0,0,0,0
0,0,0,0
0,0,0,0
0,0,0,0
1,0,0,0
0,0,0,0
0,0,0,0
0,0,0,0
0,0,0,0
0,0,0,0
0,0,0,0
1,1,1,1
0,0,0,0
0,0,0,0
0,0,0,0
0,0,0,0
1,1,0,0
1,1,1,1
1,0,0,0
1,1,1,1
1,1,1,1
0,0,0,0
0,0,0,0
0,0,0,0
0,0,0,0
0,0,1,1
1,1,1,1
0,0,0,0
1,1,1,1
0,0,0,0
0,0,0,0
1,1,1,1
0,1,0,0
1,1,1,1
0,0,0,0
0,0,0,0
0,0,0,0
0,0,0,0
0,0,0,0
0,0,0,0
0,0,0,0
0,0,0,0
0,0,0,0
1,0,0,0
0,0,0,0
0,0,0,0
0,0,0,0
0,0,0,0
0,0,0,0
1,1,1,1
0,0,0,0
0,0,0,0
0,0,0,0
0,0,0,0
0,0,0,0
0,0,0,0
0,0,0,0
0,0,0,0
0,0,0,0
0,0,0,0
0,0,0,0
1,1,1,1
1,0,1,1
0,0,0,0
1,1,1,1
1,1,1,1
0,0,0,0
0,0,0,0
0,0,0,0
0,0,0,0
0,0,0,0
1,1,1,1
0,0,0,0
0,0,0,0
0,0,0,0
0,0,0,0
0,0,0,0
1,0,0,0
0,0,0,0
1,1,1,1
0,0,0,0
1,1,1,1
0,0,0,0
0,0,0,0
1,0,0,0
0,0,0,0
1,1,1,1
1,1,1,1
1,1,1,1
1,1,1,1
0,0,0,0
1,1,1,1
0,0,0,0
0,0,0,0
1,1,1,1
1,0,0,0
0,0,0,0
0,0,0,0
0,0,0,0
0,0,0,0
0,0,0,0
0,0,1,0
0,0,0,0
0,0,0,0
1,1,1,1
0,0,0,0
0,0,0,0
0,0,0,0
1,0,0,0
0,0,0,0
0,0,0,0
0,0,0,0
0,0,0,0
0,0,0,0
0,0,0,0
0,0,0,0
0,0,0,0
0,0,0,0
0,1,1,1
1,1,1,1
0,0,0,0
0,0,0,0
1,1,1,1
0,0,0,0
0,0,0,0
0,0,0,0
0,0,0,0
0,0,0,0
1,0,0,0
1,1,1,1
0,0,0,0
0,0,0,0
0,0,0,0
0,0,0,0
1,1,1,1
0,0,0,0
0,0,0,0
0,0,0,0
0,0,0,0
0,0,0,0
0,0,1,1
0,0,1,1
0,0,0,0
0,1,0,0
0,0,0,0
0,0,0,0
1,1,1,1
0,1,0,0
0,0,0,0
1,0,0,0
0,1,1,1
0,0,0,0
0,0,0,0
0,0,0,0
1,1,1,1
0,0,0,0
0,0,0,0
0,0,0,0
0,0,0,0
1,0,0,0
1,1,1,1
0,0,0,0
0,0,0,0
0,0,0,0
1,1,1,1
0,0,0,0
0,0,0,0
0,0,0,0
1,0,0,0
0,1,0,0
0,0,0,0
0,0,0,0
0,0,0,0
0,0,0,0
0,0,0,0
0,1,0,0
0,0,0,0
1,1,1,1
0,0,0,0
1,1,1,1
0,0,0,0
1,1,1,1
1,0,0,0
0,0,0,0
0,0,0,0
0,0,0,0
0,0,0,0
1,1,1,1
0,0,0,0
1,1,1,1
0,0,0,0
0,0,0,0
0,0,0,0
0,0,0,0
0,0,0,0
0,0,0,0
0,0,0,0
0,0,0,0
1,1,1,1
1,1,1,1
0,0,0,0
0,1,0,0
1,1,1,1
0,0,0,0
0,0,0,0
0,0,0,0
1,1,1,1
0,0,0,0
0,0,0,0
1,1,1,1
0,0,0,0
0,0,0,0
0,0,0,0
0,0,0,0
0,0,0,0
0,0,0,0
0,0,0,0
0,0,0,0
1,1,1,1
0,0,0,0
0,0,0,0
0,0,0,0
0,0,0,0
0,0,0,0
0,0,0,0
0,0,0,0
1,0,0,0
1,1,1,1
0,0,0,0
1,0,0,0
1,1,0,0
0,0,0,0
0,0,0,0
0,1,0,0
0,0,0,0
0,0,0,0
0,0,0,0
1,1,1,1
0,0,0,0
0,0,0,0
0,0,0,0
0,0,0,0
0,0,0,0
0,0,0,0
1,0,0,0
0,0,0,0
0,0,0,0
0,0,0,0
0,0,0,0
0,0,0,0
0,0,0,0
0,0,0,0
0,1,0,0
0,0,0,0
0,0,0,0
0,0,0,0
1,0,0,0
0,0,0,0
0,0,1,1
1,1,1,1
0,0,0,0
0,0,0,0
0,0,0,0
0,0,0,0
1,1,1,1
0,0,0,0
0,0,0,0
0,0,0,0
0,0,0,0
1,1,1,1
1,1,1,1
0,0,0,0
0,0,0,0
0,0,0,0
0,0,0,0
1,0,0,0
0,0,1,0
0,0,0,0
0,0,0,0
0,0,0,0
1,0,0,1
1,0,0,0
0,0,0,0
0,0,0,0
0,0,0,0
0,0,0,0
1,1,1,1
0,0,0,0
1,1,1,1
0,0,0,0
0,0,0,0
0,0,0,0
0,0,0,0
1,1,1,0
1,1,1,1
0,0,0,0
0,0,0,0
0,0,0,0
0,0,0,0
0,0,0,0
1,1,1,1
0,0,0,0
1,1,1,1
0,0,1,0
1,1,1,1
0,0,0,0
0,0,0,0
1,0,0,0
0,0,0,0
0,0,0,0
0,0,0,0
0,0,0,0
0,0,0,0
1,1,0,0
0,0,0,0
0,0,0,0
0,0,0,0
0,0,0,0
1,1,1,1
0,0,0,0
0,0,0,0
0,0,0,0
0,0,0,0
0,0,0,0
0,0,0,0
1,1,1,1
0,0,0,0
1,1,1,1
0,0,0,0
0,0,0,0
0,0,0,0
0,0,0,0
0,0,0,0
0,0,0,0
0,0,0,0
1,1,1,0
0,0,0,0
0,0,0,0
0,0,0,0
0,0,0,0
0,1,0,0
0,0,0,0
0,0,0,0
0,0,0,0
1,1,1,1
0,0,0,0
0,0,0,0
1,1,1,1
0,0,0,0
1,0,0,0
0,0,0,0
1,0,0,0
0,0,0,0
0,0,0,0
1,1,1,1
0,0,0,0
0,0,0,0
0,0,0,0
1,1,1,1
0,0,0,0
0,0,0,0
0,0,0,0
0,0,0,0
0,0,1,0
0,0,0,0
0,0,0,0
0,0,0,0
0,0,0,0
0,0,0,0
0,0,0,0
0,0,0,0
1,1,1,1
0,0,0,0
0,0,0,0
1,1,1,1
0,0,0,0
0,0,0,0
1,0,0,0
0,0,0,0
0,0,0,0
0,0,0,0
0,0,0,0
0,0,0,0
0,0,0,0
1,1,1,1
1,1,1,1
0,0,0,0
0,0,0,0
0,0,0,0
0,0,0,0
0,0,0,0
0,0,0,0
1,1,1,1
0,0,0,0
0,0,0,0
0,0,0,0
0,0,0,0
1,1,1,0
0,0,0,0
1,1,1,1
0,0,0,0
0,0,0,0
1,1,0,0
0,0,0,0
1,1,1,1
0,0,0,0
1,1,1,1
0,0,0,0
0,0,0,0
0,0,0,0
0,0,0,0
0,0,0,0
1,1,1,1
0,0,0,0
0,0,0,0
0,0,0,0
0,0,0,0
0,0,0,0
0,0,0,0
0,0,0,0
0,0,0,0
1,0,0,0
1,1,1,1
1,1,1,1
0,0,0,0
0,0,0,0
0,0,0,0
0,0,0,0
0,0,0,0
0,1,1,0
0,0,0,0
0,0,0,0
0,0,0,0
0,1,1,0
0,0,0,0
1,1,1,1
0,0,0,0
0,0,0,0
0,0,0,0
0,0,0,0
0,0,0,0
0,0,0,0
0,0,0,0
0,0,0,0
0,0,0,0
0,0,0,0
0,0,0,0
0,0,0,0
0,0,0,0
1,1,1,1
0,0,0,0
0,0,0,0
0,0,0,0
1,0,0,0
0,0,0,0
1,1,0,0
0,0,0,0
1,1,1,1
0,0,0,0
0,0,0,0
1,1,1,1
0,0,0,0
0,0,0,0
0,0,0,0
1,0,0,1
0,0,0,0
1,0,0,0
0,0,0,0
0,0,0,0
0,0,0,0
0,1,0,0
1,1,1,1
0,0,0,0
0,1,1,0
0,0,0,0
0,0,0,0
0,0,0,0
0,0,0,0
0,0,0,0
0,0,0,0
1,1,1,1
1,1,1,1
1,1,1,1
1,1,1,1
0,0,0,0
0,1,1,1
1,0,0,0
0,0,0,0
0,0,0,0
0,0,0,0
0,0,0,0
0,0,0,0
0,0,0,0
1,1,1,1
0,0,0,0
0,0,0,0
0,0,0,0
0,0,0,0
0,0,0,0
0,0,0,0
0,0,0,0
0,0,0,0
0,0,0,0
1,1,1,1
0,0,0,0
0,0,0,0
0,0,0,0
0,0,0,0
1,1,1,1
0,0,0,0
0,0,0,0
0,0,0,0
0,0,0,0
0,0,0,0
0,0,0,0
0,0,0,0
0,0,0,0
0,0,0,0
0,0,0,0
0,0,0,0
1,1,1,1
1,1,1,1
1,0,0,0
0,0,0,0
0,0,0,0
0,0,0,0
0,0,0,0
1,1,1,1
0,0,0,0
0,0,0,0
0,0,0,0
0,0,0,0
0,0,0,0
0,0,0,0
0,0,0,0
0,0,0,0
0,1,1,1
0,0,0,0
1,1,1,1
0,0,0,0
0,0,0,0
0,0,0,0
0,0,0,0
0,0,0,0
0,0,0,0
1,0,0,0
0,0,0,0
0,0,0,0
0,0,0,0
1,1,1,1
0,0,0,0
0,0,0,0
0,0,0,0
0,0,0,0
0,1,1,0
0,0,0,0
0,0,0,0
1,1,1,1
0,0,0,0
1,1,1,1
1,1,1,1
0,0,0,0
0,0,0,0
0,0,0,0
0,0,0,0
0,0,0,0
1,1,1,1
0,0,0,0
0,0,0,0
1,1,1,1
0,0,0,0
0,0,0,0
0,0,0,0
0,0,0,0
0,0,0,0
0,1,0,0
0,0,0,0
0,0,0,0
0,0,0,0
0,0,0,0
0,0,0,0
0,0,0,0
0,0,0,0
0,0,0,0
0,0,0,0
0,0,0,0
0,0,0,0
1,1,1,1
0,0,0,0
1,1,1,1
0,0,0,0
1,1,1,1
0,0,0,0
0,0,0,0
0,0,0,0
0,0,0,0
1,1,1,1
0,0,0,0
0,0,0,0
1,0,0,0
1,1,1,1
0,0,0,0
0,0,0,0
0,0,0,0
0,0,0,0
0,0,0,0
0,0,0,0
1,1,1,1
0,0,0,0
0,0,0,0
0,0,0,0
0,0,0,0
1,1,1,1
1,0,1,1
1,1,1,1
0,0,0,0
0,0,1,0
0,0,0,0
0,0,0,0
0,0,0,0
1,0,1,1
0,0,0,0
0,0,0,0
0,0,0,0
0,0,0,0
1,1,1,1
0,1,1,0
0,1,0,0
0,0,0,0
0,0,0,0
0,1,0,0
0,0,0,0
0,0,0,0
0,0,0,0
1,0,0,0
0,0,0,0
1,1,1,1
1,1,1,1
0,0,0,0
1,1,1,1
0,0,0,0
0,0,0,0
0,0,0,0
0,0,0,0
1,1,1,1
0,0,0,0
0,0,0,0
1,0,0,0
0,0,0,0
0,0,0,0
0,0,0,0
0,0,0,0
1,0,0,0
1,0,0,0
0,0,0,0
0,0,0,0
1,0,0,0
0,0,0,0
1,1,1,1
0,0,0,0
0,0,0,0
0,0,0,0
0,0,0,0
0,0,0,0
1,0,0,0
0,0,0,0
1,1,1,1
0,0,0,0
0,0,0,0
1,1,1,1
1,1,1,1
0,0,0,0
0,0,0,0
0,0,0,0
0,1,1,0
0,0,0,0
0,0,0,0
0,0,0,0
0,0,0,0
0,0,0,0
0,0,0,0
1,1,1,1
0,0,0,0
0,0,0,0
0,0,0,0
0,0,0,0
0,0,0,0
1,1,1,1
0,0,0,0
0,0,0,0
0,0,0,0
0,0,0,0
0,0,0,0
1,1,1,1
1,1,1,1
0,0,0,0
0,1,1,0
1,1,1,1
0,0,0,0
0,1,0,0
0,0,0,0
1,1,1,1
0,1,1,1
0,0,0,0
0,0,0,0
0,0,0,0
1,1,1,1
0,0,0,0
0,0,0,0
0,0,0,0
0,0,0,0
0,0,0,0
0,0,0,0
0,0,0,0
0,0,0,0
0,0,0,0
0,0,0,0
1,1,1,1
0,0,0,0
0,0,0,0
0,0,0,0
0,0,0,0
1,1,1,1
0,0,0,0
0,0,0,0
0,1,0,0
1,1,1,1
0,0,0,0
1,1,1,1
0,0,0,0
0,0,0,0
0,1,1,0
0,0,0,0
0,0,0,0
1,0,0,0
0,0,0,0
1,0,0,0
0,0,0,0
0,0,0,0
0,0,0,0
0,0,0,0
0,0,0,0
1,0,0,0
0,0,0,0
0,0,0,0
0,0,0,0
0,0,0,0
1,0,0,0
0,0,0,0
0,0,0,0
0,0,0,0
0,0,0,0
0,0,0,0
0,0,0,0
1,0,0,0
0,0,0,0
0,0,0,0
1,0,1,0
0,0,1,1
0,0,0,0
0,0,0,0
0,0,0,0
0,0,0,0
0,0,0,0
0,0,0,0
0,0,0,0
0,0,0,0
0,0,0,0
0,0,0,0
0,0,0,0
0,0,0,0
0,0,0,0
0,0,0,0
0,0,0,0
0,0,0,0
0,0,0,0
0,0,0,0
0,0,0,0
0,0,0,0
0,0,0,0
0,0,0,0
0,0,0,0
0,0,0,0
0,0,0,0
0,0,0,0
0,0,0,0
0,0,0,0
0,0,0,0
0,0,0,0
0,0,0,0
0,1,1,0
0,0,0,0
0,0,0,0
0,0,0,0
0,0,0,0
1,1,1,1
0,0,0,0
1,1,1,1
0,0,0,0
0,0,0,0
0,0,0,0
0,0,0,0
0,1,1,0
0,0,1,0
0,0,0,0
0,0,0,0
0,0,0,0
0,0,0,0
0,0,0,0
0,0,0,0
0,0,0,0
1,1,1,1
1,1,1,1
1,1,1,1
1,1,1,1
0,0,0,0
1,1,1,1
0,0,0,0
0,0,0,0
0,0,0,0
1,0,0,0
1,0,0,0
1,1,1,1
1,0,0,0
0,0,0,0
0,0,1,0
1,1,1,1
0,0,0,0
0,0,0,0
1,1,1,1
0,0,0,0
0,0,0,0
0,0,0,0
0,0,0,0
0,0,0,0
0,0,0,0
0,1,0,0
0,0,1,0
0,0,0,0
0,0,0,0
0,0,0,0
0,0,0,0
0,0,0,0
1,1,1,1
0,0,0,0
0,1,1,1
0,0,0,0
0,0,0,0
1,1,1,1
0,0,0,0
0,0,0,0
0,0,0,0
0,0,0,0
0,0,0,0
0,0,0,0
0,0,0,0
0,0,0,0
0,0,0,0
1,0,0,0
0,0,0,0
0,0,0,0
0,0,0,0
0,0,0,0
0,0,0,0
0,0,0,0
0,0,0,0
0,0,0,0
1,1,1,1
0,0,0,0
0,0,0,0
0,0,0,0
0,0,0,0
0,0,0,0
0,0,0,0
0,0,0,0
0,1,0,0
0,0,0,0
1,1,1,1
0,1,0,0
0,1,0,0
0,0,0,0
0,0,0,0
0,0,0,0
0,1,1,0
0,0,0,0
1,1,1,1
0,0,0,0
0,0,0,0
0,0,0,0
0,0,0,0
0,0,0,0
0,0,0,0
0,0,0,0
0,1,1,0
0,0,0,0
1,0,0,0
0,0,0,0
0,0,0,0
0,0,0,0
0,0,0,0
0,0,0,0
0,0,0,0
0,0,0,0
0,0,0,0
0,0,0,0
0,0,0,0
0,0,0,0
0,0,0,0
0,0,0,0
0,0,0,0
0,0,0,0
0,0,0,0
0,1,1,1
0,0,0,0
1,1,1,1
0,0,0,0
0,0,0,0
1,1,1,1
0,0,0,0
1,0,0,0
0,0,0,0
0,0,0,0
0,0,0,0
0,0,0,0
1,1,0,0
0,0,0,0
0,0,0,0
0,0,0,0
1,1,1,1
1,0,0,0
0,0,0,0
0,1,1,0
0,0,0,0
0,0,0,0
0,0,0,0
0,0,0,0
0,0,0,0
1,1,1,1
0,0,0,0
0,0,0,0
1,1,1,1
0,0,0,0
1,1,1,1
0,0,0,0
0,0,0,0
0,0,0,0
0,0,0,0
0,0,0,0
0,0,0,0
0,0,0,0
0,0,0,0
0,0,0,0
0,0,0,0
0,0,0,0
0,0,0,0
0,0,0,0
0,0,0,0
1,0,0,0
0,0,0,0
0,0,0,0
0,0,0,0
1,0,0,0
0,0,0,0
0,0,0,0
0,0,0,0
0,0,0,0
0,0,0,0
0,0,0,0
0,0,0,0
0,0,0,0
1,1,1,1
0,0,0,0
0,0,0,0
0,0,0,0
0,0,0,0
0,0,0,0
0,0,0,0
0,0,0,0
0,0,0,0
0,0,0,0
0,0,0,0
1,1,1,1
1,1,1,1
0,0,0,0
0,0,0,0
0,0,0,0
1,0,0,0
0,0,0,0
0,0,0,0
0,0,0,0
0,0,0,0
0,1,1,0
0,1,1,0
0,0,0,0
0,0,0,0
0,0,0,0
0,0,0,0
1,1,1,1
0,0,0,0
0,0,0,0
1,1,1,1
0,0,0,0
0,0,0,0
0,0,0,0
0,0,0,0
0,0,0,0
0,0,0,0
0,0,0,0
0,0,0,0
0,0,0,0
0,0,0,0
0,0,0,0
1,1,1,1
1,0,0,0
0,0,0,0
1,0,0,0
0,0,0,0
0,0,0,0
